"","icon","title","price","date"
"1","판매",":::: 아이폰xs.갤럭시S.박스폰.아이폰.대리점폰.판매점폰.미개봉 최고가 매입 ::::","2,000원","2019.05.08. 22:36 조회 0"
"2","판매","노키아 바나나 폴더폰 가개통급 블랙","70,000원","2019.05.08. 22:36 조회 0"
"3","판매","4만5천원 SK 갤럭시s7엣지 블랙 32기가 판매합니다.","45,000원","2019.05.08. 22:36 조회 1"
"4","판매","아이폰6 실버 64G 창원","110,000원","2019.05.08. 22:36 조회 3"
"5","판매","SKT - 갤럭시 S9플러스 64GB S급 센터 외관 교체 / 256GB S급 정상해지 공기계 팝니다","420,000원","2019.05.08. 22:36 조회 1"
"6","판매","♡마포용산♡자급제폰 갤럭시 S9 블랙 S급 무기스 무잔상 센터올갈이 40만","400,000원","2019.05.08. 22:36 조회 2"
"7","판매","★초특가★갤럭시 S7 팝니다","110,000원","2019.05.08. 22:36 조회 1"
"8","판매","아이폰6 64g 스페이스그레이 / 깨끗한 공기기 팝니다","130,000원","2019.05.08. 22:35 조회 3"
"9","판매","아이폰 전기종 고가매입 , ( 가개통 / 중고폰 / 교환 ) 서울 경기 수도권 직거래! 타지역 택배거래! 24시매입","200,000원","2019.05.08. 22:35 조회 1"
"10","판매","아이폰 XS 256 스페이스그레이 에이샵 구매(영수증 동봉) 자급제 언락폰 미개봉 새제품","13,300원","2019.05.08. 22:35 조회 2"
"11","판매","부산]아이폰 8 64 256 리퍼후 미사용 새제품 팝니다.51만","5,100원","2019.05.08. 22:35 조회 1"
"12","판매","갤럭시J5 J530 블루 S급 판매합니다","110,000원","2019.05.08. 22:35 조회 0"
"13","판매","●광주●갤럭시노트5 공기계 중고폰 합리적인 가격에 드려요!.","120,000원","2019.05.08. 22:35 조회 1"
"14","판매","아이폰 se 스페이스 그레이","270,000원","2019.05.08. 22:35 조회 3"
"15","판매","아이폰6s최저가 4월행사가 5대한정판매(당일배송)","140,000원","2019.05.08. 22:35 조회 1"
"16","판매","애플 아이폰6S 로즈골드 128GB 정상해지 기기 급처 직거래 환영","180,000원","2019.05.08. 22:35 조회 1"
"17","판매","아이폰SE 32G 로즈골드","2,000원","2019.05.08. 22:35 조회 3"
"18","판매","▶ 갤럭시 S10 5G 골드 256G 자급제 구성품미사용풀박스 정상해지 공기계 팝니다","900,000원","2019.05.08. 22:34 조회 2"
"19","판매","갤럭시S7 핑크32기가 판매합니다","120,000원","2019.05.08. 22:34 조회 2"
"20","판매","갤럭시 S8 S8+ 64G 128G 유심꼽아바로사용가능","230,000원","2019.05.08. 22:34 조회 3"
"21","판매","미맥스2 교환합니다","10,000원","2019.05.08. 22:37 조회 0"
"22","판매","개 떨이 갤럭시s8 플러스","260,000원","2019.05.08. 22:37 조회 0"
"23","판매","Lg Q9 풀박스 싸게 팝니다","190,000원","2019.05.08. 22:36 조회 0"
"24","판매","갤럭시s9플러스 256기가 블루 kt 팝니다","550,000원","2019.05.08. 22:36 조회 1"
"25","판매","갤럭시 노트8 64기가 미드나잇블랙 리퍼폰 37만 팝니다.","3,700원","2019.05.08. 22:36 조회 0"
"26","판매","대전 X4+ X415K 블루색상 32기가팝니다 깨끗","2,222원","2019.05.08. 22:36 조회 0"
"27","판매","아이폰se 64기가 레드하우징 팝니다.","110,000원","2019.05.08. 22:36 조회 3"
"28","판매","액정배터리교체★갤럭시노트9 블랙 700번 서울","550,000원","2019.05.08. 22:35 조회 1"
"29","판매","[서울권 송파 31만원] 갤럭시 노트8 골드 64G A+급 판매합니다","315,000원","2019.05.08. 22:35 조회 1"
"30","판매","갤럭시버드 갤럭시버즈팝니다. 갤럭시버즈.갤버드.","2,222원","2019.05.08. 22:35 조회 5"
"31","판매","a8 2018 블랙 잔상없음","180,000원","2019.05.08. 22:35 조회 1"
"32","판매","KT ( LG V40 ) 128GB S급 정상해지 공기계","440,000원","2019.05.08. 22:35 조회 2"
"33","판매","[구리/남양주] 갤럭시S9 5만 , 갤럭시S10E 11만 급처합니다","50,000원","2019.05.08. 22:35 조회 2"
"34","판매","LG g6 64G 핑크 액정파손 팔아요.","80,000원","2019.05.08. 22:35 조회 4"
"35","판매","갤럭시 노트4 32g 3사가능 색상 레드","60,000원","2019.05.08. 22:35 조회 1"
"36","판매","갤럭시S10플러스 128기가 프리즘블랙색상 정상해지 A급 풀박스공기계 팝니다.","770,000원","2019.05.08. 22:35 조회 1"
"37","판매","갤럭시온7 천안 아산","70,000원","2019.05.08. 22:34 조회 1"
"38","판매","아이폰 XS 256 스페이스그레이 에이샵 구매(영수증 동봉) 자급제 언락폰 미개봉 새제품","13,300원","2019.05.08. 22:34 조회 2"
"39","판매","노키아 바나나 폴더폰 가개통급 블랙","70,000원","2019.05.08. 22:34 조회 5"
"40","판매","●광주●갤럭시노트5 공기계 중고폰 합리적인 가격에 드려요!.","120,000원","2019.05.08. 22:34 조회 1"
"41","판매","서울#노트5세일/핑크/실버/골드최상SSS급13.9/최상품삼성보증폰판매@중고폰@직거래@당일택배발송가능","139,000원","2019.05.08. 22:37 조회 0"
"42","판매","●광주●갤럭시노트5 공기계 중고폰 합리적인 가격에 드려요!.","120,000원","2019.05.08. 22:36 조회 0"
"43","판매","S7엣지_128GB_블랙펄에디션_S급15만원급처","150,000원","2019.05.08. 22:36 조회 0"
"44","판매","[서울권 송파 28만원] 갤럭시 노트8 그레이 64G A+급 잔상폰 판매합니다","285,000원","2019.05.08. 22:36 조회 1"
"45","판매","갤럭시 S8 64기가 팝니다.","230,000원","2019.05.08. 22:36 조회 1"
"46","판매","LGU V30플러스+ 128GB / V40 128GB A-급 정상해지 거래합니다","250,000원","2019.05.08. 22:36 조회 3"
"47","판매","갤럭시 노트4 32g 3사가능 색상 레드","60,000원","2019.05.08. 22:36 조회 1"
"48","판매","갤럭시 최저가판매중!! 이보다 더싼곳은 없다. 어서가져가세여","110,000원","2019.05.08. 22:35 조회 3"
"49","판매","갤럭시 노트 9 실버 128g 풀박스","600,000원","2019.05.08. 22:35 조회 1"
"50","판매","[ 부산 ] ♥ 갤럭시노트8 딥씨블루 A급 34만원에 저렴하게 판매합니다 ♥","340,000원","2019.05.08. 22:34 조회 3"
"51","판매","LGU+ 데이터2기가 판매 1기가당 2000","2,000원","2019.05.08. 22:34 조회 2"
"52","판매","[삼성폰] 갤럭시 J3 블랙 가개통 미사용 새제품입니다.","100,000원","2019.05.08. 22:34 조회 2"
"53","판매","갤럭시 j3(SM-J330L) 판매합니다.","80,000원","2019.05.08. 22:34 조회 3"
"54","판매","아이폰 XS 256 스페이스그레이 에이샵 구매(영수증 동봉) 자급제 언락폰 미개봉 새제품","13,300원","2019.05.08. 22:34 조회 4"
"55","판매","엘지 v10판매합니다~!!","50,000원","2019.05.08. 22:33 조회 5"
"56","판매","●광주●갤럭시노트5 공기계 중고폰 합리적인 가격에 드려요!.","120,000원","2019.05.08. 22:33 조회 4"
"57","판매","최고가 아이폰 중고폰 가개통폰 파손폰 전부 매입합니다.(서울 경기출장) @@","800,000원","2019.05.08. 22:33 조회 2"
"58","판매","갤럭시S9 플러스 64GB 코랄 블루","380,000원","2019.05.08. 22:33 조회 8"
"59","판매","[서울권 송파 20만원] 갤럭시 S8+ 블루 64GB A+급 잔상폰 판매합니다","205,000원","2019.05.08. 22:33 조회 3"
"60","판매","S5 광대역LET-A(G906) 메인 보드 삽니다.","10,000원","2019.05.08. 22:33 조회 2"
